Date,Product,Category,Quantity,CustomerID,Price,Revenue
2025-11-15,Shoes,Apparel,2,1947,50,100
2025-07-13,T-Shirt,Apparel,5,1285,20,100
2025-09-21,Laptop,Apparel,8,1167,1200,9600
2024-07-11,Shoes,Electronics,7,1425,50,350
2026-04-15,Smartphone,Apparel,5,1788,800,4000
2026-02-02,Tablet,Apparel,6,1289,500,3000
2025-12-08,Smartphone,Electronics,7,1625,800,5600
2024-12-25,Shoes,Electronics,1,1120,50,50
2024-01-10,Smartphone,Apparel,5,1252,800,4000
2025-12-24,Shoes,Electronics,4,1522,50,200
2024-10-04,Smartphone,Apparel,8,1588,800,6400
2026-01-24,Tablet,Apparel,1,1559,500,500
2026-03-15,T-Shirt,Apparel,1,1386,20,20
2025-08-22,Tablet,Electronics,9,1736,500,4500
2024-03-11,Tablet,Electronics,4,1984,500,2000
2025-04-17,Tablet,Electronics,7,1309,500,3500
2025-08-23,T-Shirt,Apparel,6,1325,20,120
2025-01-31,Tablet,Electronics,8,1403,500,4000
2024-11-10,Shoes,Electronics,4,1384,50,200
2025-12-06,Smartphone,Electronics,3,1401,800,2400
2025-05-01,T-Shirt,Apparel,9,1471,20,180
2025-07-05,Laptop,Apparel,2,1622,1200,2400
2024-03-28,Shoes,Electronics,4,1980,50,200
2024-06-23,T-Shirt,Electronics,9,1058,20,180
2025-08-23,Smartphone,Electronics,4,1996,800,3200
2026-04-29,T-Shirt,Apparel,6,1676,20,120
2025-11-08,Shoes,Apparel,2,1396,50,100
2025-06-21,Shoes,Electronics,3,1684,50,150
2026-04-25,Laptop,Apparel,7,1740,1200,8400
2024-03-13,Tablet,Electronics,4,1847,500,2000
2026-02-16,Smartphone,Electronics,3,1421,800,2400
2026-07-05,Shoes,Apparel,6,1118,50,300
2024-04-25,Shoes,Electronics,4,1408,50,200
2026-09-03,Smartphone,Apparel,6,1685,800,4800
2026-01-25,Shoes,Apparel,2,1180,50,100
2025-12-10,Laptop,Apparel,2,1852,1200,2400
2026-04-27,Laptop,Apparel,6,1890,1200,7200
2025-03-07,Tablet,Apparel,9,1700,500,4500
2025-03-24,T-Shirt,Electronics,4,1391,20,80
2026-04-30,Smartphone,Apparel,3,1878,800,2400
2024-04-09,Laptop,Apparel,3,1023,1200,3600
2026-09-11,Laptop,Apparel,5,1788,1200,6000
2024-06-26,Laptop,Apparel,8,1069,1200,9600
2026-01-25,Laptop,Apparel,9,1263,1200,10800
2026-03-08,Tablet,Electronics,9,1804,500,4500
2025-10-21,Shoes,Electronics,6,1111,50,300
2024-05-27,Laptop,Electronics,6,1649,1200,7200
2026-06-29,Tablet,Electronics,4,1197,500,2000
2025-02-27,T-Shirt,Apparel,8,1281,20,160
2024-10-15,Shoes,Electronics,7,1545,50,350
2026-08-19,T-Shirt,Electronics,1,1468,20,20
2024-09-22,Shoes,Electronics,9,1576,50,450
2025-11-28,Shoes,Apparel,6,1161,50,300
2025-10-01,Shoes,Electronics,6,1083,50,300
2025-06-28,Tablet,Electronics,4,1457,500,2000
2025-06-27,Smartphone,Electronics,9,1258,800,7200
2025-12-15,T-Shirt,Electronics,8,1528,20,160
2024-09-01,Shoes,Electronics,5,1126,50,250
2024-05-31,Shoes,Electronics,8,1087,50,400
2025-11-06,Laptop,Apparel,2,1829,1200,2400
2025-05-25,Laptop,Electronics,4,1826,1200,4800
2025-04-04,Tablet,Electronics,6,1626,500,3000
2026-06-01,Shoes,Electronics,9,1025,50,450
2024-07-02,T-Shirt,Apparel,6,1122,20,120
2024-01-29,T-Shirt,Apparel,9,1938,20,180
2026-03-13,Laptop,Electronics,8,1720,1200,9600
2024-05-08,Laptop,Electronics,4,1913,1200,4800
2024-05-08,Smartphone,Electronics,6,1040,800,4800
2026-07-21,Shoes,Apparel,7,1316,50,350
2024-02-23,Shoes,Apparel,6,1337,50,300
2026-06-20,Laptop,Apparel,4,1506,1200,4800
2025-07-04,Laptop,Electronics,3,1253,1200,3600
2025-05-03,Laptop,Apparel,4,1497,1200,4800
2026-01-26,Smartphone,Electronics,2,1741,800,1600
2024-09-30,Smartphone,Electronics,7,1425,800,5600
2024-12-01,Smartphone,Apparel,4,1422,800,3200
2025-01-23,Shoes,Apparel,8,1204,50,400
2025-09-09,Smartphone,Electronics,8,1198,800,6400
2024-02-12,Shoes,Apparel,6,1367,50,300
2025-03-18,Laptop,Apparel,3,1280,1200,3600
2025-06-27,Shoes,Electronics,2,1289,50,100
2026-06-07,T-Shirt,Electronics,8,1462,20,160
2024-09-14,Tablet,Electronics,6,1197,500,3000
2024-11-17,Laptop,Electronics,1,1009,1200,1200
2026-09-26,T-Shirt,Electronics,4,1037,20,80
2026-07-26,Tablet,Electronics,8,1358,500,4000
2024-02-27,T-Shirt,Electronics,2,1907,20,40
2024-10-18,Tablet,Electronics,1,1921,500,500
2026-05-20,Tablet,Apparel,9,1784,500,4500
2024-04-29,Smartphone,Electronics,2,1083,800,1600
2026-02-18,T-Shirt,Electronics,8,1829,20,160
2025-03-06,T-Shirt,Electronics,8,1378,20,160
2024-03-23,Laptop,Apparel,7,1919,1200,8400
2024-04-01,Shoes,Electronics,1,1434,50,50
2026-06-15,T-Shirt,Apparel,6,1633,20,120
2025-02-02,T-Shirt,Apparel,6,1880,20,120
2025-09-03,Laptop,Electronics,7,1521,1200,8400
2025-07-19,Laptop,Electronics,6,1810,1200,7200
2026-06-27,Smartphone,Electronics,4,1425,800,3200
2025-09-25,Shoes,Apparel,4,1745,50,200
2026-07-27,Shoes,Electronics,9,1999,50,450
2024-03-25,Smartphone,Apparel,4,1026,800,3200
2024-07-22,Laptop,Electronics,4,1375,1200,4800
2024-11-20,Laptop,Apparel,4,1630,1200,4800
2026-02-13,Laptop,Apparel,7,1810,1200,8400
2026-08-22,T-Shirt,Electronics,5,1062,20,100
2024-02-17,Shoes,Electronics,3,1779,50,150
2025-10-01,Shoes,Electronics,6,1967,50,300
2024-05-11,Tablet,Apparel,2,1987,500,1000
2026-08-30,Tablet,Electronics,9,1160,500,4500
2026-05-18,T-Shirt,Electronics,9,1637,20,180
2024-06-29,T-Shirt,Apparel,6,1798,20,120
2026-04-26,Shoes,Apparel,9,1854,50,450
2024-05-23,Tablet,Apparel,4,1285,500,2000
2025-10-22,Smartphone,Electronics,1,1032,800,800
2024-08-15,Laptop,Electronics,7,1450,1200,8400
2026-08-12,Shoes,Electronics,4,1406,50,200
2026-03-02,Smartphone,Electronics,2,1175,800,1600
2025-12-20,T-Shirt,Electronics,8,1040,20,160
2026-06-28,Laptop,Apparel,9,1239,1200,10800
2025-01-08,T-Shirt,Electronics,4,1408,20,80
2026-05-03,Tablet,Apparel,8,1374,500,4000
2025-07-14,Smartphone,Electronics,7,1654,800,5600
2024-11-01,Laptop,Apparel,8,1514,1200,9600
2025-08-04,Laptop,Apparel,7,1195,1200,8400
2024-06-18,T-Shirt,Apparel,7,1545,20,140
2025-11-06,Shoes,Apparel,8,1810,50,400
2025-03-24,Smartphone,Electronics,9,1292,800,7200
2024-04-05,Laptop,Electronics,6,1128,1200,7200
2024-07-16,Laptop,Apparel,7,1920,1200,8400
2025-08-29,Tablet,Electronics,4,1050,500,2000
2024-09-13,Smartphone,Electronics,8,1294,800,6400
2026-05-31,Smartphone,Apparel,3,1823,800,2400
2025-11-21,Laptop,Apparel,8,1268,1200,9600
2024-10-19,Smartphone,Apparel,9,1637,800,7200
2026-07-19,Smartphone,Electronics,3,1271,800,2400
2026-03-27,Laptop,Electronics,4,1026,1200,4800
2026-05-11,Laptop,Electronics,2,1919,1200,2400
2025-01-22,T-Shirt,Electronics,9,1696,20,180
2025-09-02,T-Shirt,Electronics,2,1989,20,40
2025-07-08,T-Shirt,Apparel,1,1784,20,20
2026-08-31,T-Shirt,Electronics,1,1338,20,20
2025-01-03,Smartphone,Electronics,6,1941,800,4800
2026-09-26,Tablet,Apparel,2,1673,500,1000
2026-07-06,Laptop,Electronics,6,1246,1200,7200
2024-07-20,Laptop,Electronics,1,1387,1200,1200
2025-01-18,Shoes,Electronics,4,1570,50,200
2025-05-27,Tablet,Apparel,9,1870,500,4500
2026-06-25,Tablet,Apparel,1,1071,500,500
2025-01-05,Laptop,Electronics,9,1057,1200,10800
2025-07-09,Tablet,Electronics,5,1660,500,2500
2026-08-12,Shoes,Apparel,7,1368,50,350
2025-01-18,Smartphone,Electronics,1,1472,800,800
2024-01-24,T-Shirt,Electronics,2,1834,20,40
2025-11-30,Shoes,Electronics,8,1510,50,400
2024-05-10,T-Shirt,Apparel,3,1060,20,60
2025-01-12,Laptop,Electronics,7,1522,1200,8400
2024-04-08,Smartphone,Electronics,4,1563,800,3200
2025-07-28,Shoes,Electronics,5,1866,50,250
2026-07-20,Tablet,Apparel,5,1728,500,2500
2026-01-04,Smartphone,Electronics,6,1256,800,4800
2024-05-03,Shoes,Apparel,1,1070,50,50
2026-08-21,Smartphone,Electronics,1,1781,800,800
2025-08-17,Laptop,Electronics,9,1742,1200,10800
2026-07-31,Tablet,Apparel,7,1025,500,3500
2026-01-09,T-Shirt,Electronics,7,1091,20,140
2024-05-28,T-Shirt,Electronics,5,1303,20,100
2024-07-28,T-Shirt,Electronics,9,1325,20,180
2025-07-16,Shoes,Apparel,1,1493,50,50
2025-02-15,Smartphone,Electronics,8,1617,800,6400
2026-02-21,Tablet,Apparel,6,1023,500,3000
2024-02-11,Tablet,Electronics,7,1947,500,3500
2024-02-28,Shoes,Electronics,4,1438,50,200
2025-12-06,Tablet,Electronics,1,1280,500,500
2024-02-06,Tablet,Apparel,5,1461,500,2500
2026-02-17,Smartphone,Apparel,3,1789,800,2400
2024-03-27,Smartphone,Apparel,2,1525,800,1600
2024-02-13,Smartphone,Apparel,8,1066,800,6400
2026-05-22,Shoes,Electronics,2,1504,50,100
2024-01-12,Shoes,Apparel,1,1681,50,50
2026-02-09,Shoes,Electronics,3,1641,50,150
2024-11-03,Tablet,Electronics,8,1058,500,4000
2024-03-21,T-Shirt,Apparel,9,1564,20,180
2024-02-02,Tablet,Electronics,9,1896,500,4500
2024-07-01,Smartphone,Apparel,1,1441,800,800
2024-05-08,T-Shirt,Apparel,7,1894,20,140
2026-03-17,Laptop,Electronics,6,1526,1200,7200
2024-10-02,T-Shirt,Apparel,5,1356,20,100
2024-06-23,Smartphone,Apparel,8,1135,800,6400
2025-07-08,Smartphone,Electronics,5,1816,800,4000
2025-01-06,Smartphone,Apparel,1,1073,800,800
2024-07-03,Smartphone,Apparel,7,1108,800,5600
2025-03-20,Laptop,Electronics,5,1561,1200,6000
2025-05-03,T-Shirt,Apparel,7,1516,20,140
2025-08-12,Laptop,Electronics,5,1016,1200,6000
2024-10-13,Tablet,Apparel,1,1144,500,500
2024-10-07,T-Shirt,Electronics,3,1249,20,60
2025-09-29,Tablet,Electronics,9,1831,500,4500
2026-02-09,Tablet,Electronics,8,1912,500,4000
2025-05-30,Tablet,Electronics,9,1451,500,4500
2024-04-04,Smartphone,Electronics,7,1872,800,5600
2024-08-14,T-Shirt,Apparel,5,1182,20,100
2026-05-25,Shoes,Apparel,5,1258,50,250
2024-09-26,T-Shirt,Apparel,9,1544,20,180
2026-05-30,Smartphone,Apparel,5,1697,800,4000
2024-10-23,T-Shirt,Apparel,6,1326,20,120
2024-11-24,Smartphone,Apparel,4,1981,800,3200
2024-01-20,T-Shirt,Electronics,5,1668,20,100
2025-08-30,T-Shirt,Apparel,3,1790,20,60
2026-04-20,Tablet,Apparel,3,1667,500,1500
2025-02-14,Laptop,Apparel,8,1889,1200,9600
2025-03-26,T-Shirt,Electronics,6,1177,20,120
2024-09-05,Shoes,Electronics,3,1894,50,150
2024-06-29,Laptop,Electronics,2,1772,1200,2400
2024-11-19,Shoes,Electronics,5,1772,50,250
2026-04-09,T-Shirt,Electronics,5,1991,20,100
2026-02-21,Smartphone,Electronics,2,1962,800,1600
2026-05-14,T-Shirt,Electronics,9,1217,20,180
2024-09-17,Tablet,Apparel,3,1734,500,1500
2026-08-21,Smartphone,Apparel,6,1331,800,4800
2026-01-19,Shoes,Electronics,9,1714,50,450
2024-05-19,T-Shirt,Apparel,3,1194,20,60
2025-08-21,T-Shirt,Electronics,5,1331,20,100
2025-04-06,Smartphone,Apparel,7,1588,800,5600
2026-06-08,T-Shirt,Apparel,2,1468,20,40
2025-09-13,Laptop,Electronics,3,1649,1200,3600
2026-04-23,Shoes,Electronics,7,1762,50,350
2025-11-27,T-Shirt,Apparel,3,1035,20,60
2025-06-12,T-Shirt,Electronics,1,1435,20,20
2024-06-01,Smartphone,Electronics,1,1646,800,800
2026-07-14,Tablet,Electronics,7,1510,500,3500
2024-05-29,Shoes,Electronics,7,1543,50,350
2024-04-20,Laptop,Electronics,3,1283,1200,3600
2024-01-26,Laptop,Electronics,4,1010,1200,4800
2025-04-09,Smartphone,Electronics,3,1688,800,2400
2026-08-14,Laptop,Apparel,1,1968,1200,1200
2026-06-08,Tablet,Electronics,7,1217,500,3500
2026-06-05,T-Shirt,Apparel,2,1613,20,40
2024-04-27,Shoes,Apparel,5,1335,50,250
2025-03-21,T-Shirt,Electronics,5,1538,20,100
2025-08-18,Smartphone,Apparel,3,1837,800,2400
2025-11-04,T-Shirt,Electronics,6,1210,20,120
2026-05-22,Tablet,Apparel,3,1960,500,1500
2026-07-17,Laptop,Electronics,4,1932,1200,4800
2024-08-16,Shoes,Electronics,3,1032,50,150
2025-05-22,Tablet,Apparel,4,1037,500,2000
2026-02-02,Smartphone,Electronics,9,1594,800,7200
2024-05-01,Shoes,Electronics,3,1077,50,150
2024-11-22,T-Shirt,Electronics,5,1723,20,100
2025-04-14,Smartphone,Apparel,8,1834,800,6400
2024-10-14,T-Shirt,Apparel,4,1239,20,80
2025-06-09,Tablet,Electronics,4,1761,500,2000
2026-04-19,Tablet,Apparel,4,1168,500,2000
2025-11-27,Smartphone,Apparel,7,1233,800,5600
2024-06-01,Laptop,Apparel,3,1128,1200,3600
2025-08-14,Smartphone,Apparel,6,1166,800,4800
2024-02-11,Laptop,Electronics,9,1320,1200,10800
2024-10-01,Smartphone,Apparel,8,1905,800,6400
2025-07-06,Smartphone,Electronics,4,1830,800,3200
2025-03-14,Shoes,Electronics,4,1945,50,200
2024-07-26,Laptop,Electronics,8,1515,1200,9600
2026-02-18,Laptop,Apparel,3,1133,1200,3600
2024-06-15,Tablet,Electronics,3,1849,500,1500
2024-04-21,T-Shirt,Electronics,1,1764,20,20
2024-12-15,Tablet,Apparel,8,1274,500,4000
2024-05-09,Laptop,Electronics,1,1813,1200,1200
2026-01-05,Shoes,Apparel,6,1715,50,300
2026-06-05,Laptop,Electronics,5,1576,1200,6000
2026-03-23,T-Shirt,Electronics,9,1629,20,180
2024-08-04,T-Shirt,Electronics,7,1294,20,140
2025-01-16,Smartphone,Apparel,5,1108,800,4000
2024-01-25,Shoes,Apparel,2,1169,50,100
2024-03-08,Tablet,Electronics,7,1529,500,3500
2026-09-05,Shoes,Electronics,6,1684,50,300
2026-02-10,Smartphone,Electronics,9,1658,800,7200
2024-08-22,Laptop,Electronics,8,1447,1200,9600
2025-12-17,T-Shirt,Electronics,5,1390,20,100
2026-09-25,Laptop,Electronics,3,1975,1200,3600
2024-10-18,Laptop,Apparel,3,1822,1200,3600
2025-12-27,Smartphone,Electronics,1,1700,800,800
2025-12-02,Tablet,Electronics,2,1423,500,1000
2025-12-10,Laptop,Apparel,5,1384,1200,6000
2025-12-28,T-Shirt,Apparel,5,1293,20,100
2025-07-09,T-Shirt,Apparel,4,1548,20,80
2024-02-02,Tablet,Electronics,1,1135,500,500
2024-01-12,Tablet,Electronics,6,1557,500,3000
2025-09-08,Smartphone,Electronics,9,1511,800,7200
2024-07-31,Shoes,Apparel,9,1907,50,450
2024-05-18,T-Shirt,Electronics,8,1644,20,160
2025-11-25,Laptop,Electronics,3,1710,1200,3600
2025-02-25,Smartphone,Apparel,6,1550,800,4800
2025-09-29,Tablet,Apparel,2,1892,500,1000
2025-10-30,Laptop,Electronics,6,1808,1200,7200
2025-09-15,Shoes,Apparel,3,1830,50,150
2025-05-03,Tablet,Electronics,2,1838,500,1000
2026-02-09,Shoes,Apparel,3,1976,50,150
2025-06-23,Shoes,Electronics,7,1674,50,350
2026-09-06,T-Shirt,Electronics,8,1848,20,160
2024-08-05,T-Shirt,Electronics,5,1736,20,100
2025-10-25,Shoes,Apparel,7,1412,50,350
2026-04-01,T-Shirt,Electronics,2,1996,20,40
2024-11-03,Tablet,Apparel,6,1928,500,3000
2024-06-23,Shoes,Apparel,8,1817,50,400
2024-05-28,Shoes,Electronics,6,1264,50,300
2026-08-07,Smartphone,Electronics,5,1789,800,4000
2025-06-25,Smartphone,Apparel,9,1050,800,7200
2025-08-02,Smartphone,Electronics,3,1408,800,2400
2025-07-01,Smartphone,Electronics,7,1400,800,5600
2026-03-18,Laptop,Electronics,2,1085,1200,2400
2025-01-28,Smartphone,Apparel,9,1266,800,7200
2024-03-14,Tablet,Electronics,8,1160,500,4000
2024-10-24,Laptop,Apparel,2,1392,1200,2400
2026-07-08,Tablet,Electronics,2,1187,500,1000
2026-06-18,Smartphone,Electronics,2,1485,800,1600
2026-03-25,Shoes,Electronics,8,1454,50,400
2025-12-31,Laptop,Apparel,9,1474,1200,10800
2026-08-04,Shoes,Apparel,4,1106,50,200
2026-05-26,Tablet,Apparel,6,1731,500,3000
2026-02-10,Tablet,Apparel,2,1762,500,1000
2026-03-10,Laptop,Apparel,2,1045,1200,2400
2026-02-16,Tablet,Apparel,1,1985,500,500
2025-01-29,Laptop,Electronics,8,1660,1200,9600
2025-06-23,Tablet,Apparel,7,1468,500,3500
2025-03-05,Shoes,Electronics,3,1717,50,150
2024-07-18,T-Shirt,Apparel,7,1162,20,140
2025-02-27,Smartphone,Apparel,5,1260,800,4000
2024-03-02,Smartphone,Electronics,2,1560,800,1600
2024-12-07,T-Shirt,Electronics,1,1974,20,20
2026-05-15,T-Shirt,Electronics,5,1536,20,100
2024-02-14,Laptop,Apparel,5,1705,1200,6000
2026-03-13,Tablet,Electronics,8,1615,500,4000
2026-07-19,Shoes,Electronics,1,1811,50,50
2024-03-29,Smartphone,Electronics,1,1205,800,800
2024-02-03,T-Shirt,Electronics,8,1228,20,160
2025-10-07,T-Shirt,Apparel,1,1481,20,20
2024-08-20,T-Shirt,Apparel,7,1204,20,140
2026-02-06,Tablet,Electronics,5,1528,500,2500
2024-02-06,Shoes,Apparel,7,1057,50,350
2026-02-07,T-Shirt,Apparel,8,1517,20,160
2025-04-04,Shoes,Apparel,7,1993,50,350
2024-10-17,Smartphone,Electronics,7,1379,800,5600
2024-07-16,Laptop,Apparel,7,1735,1200,8400
2026-06-13,Laptop,Electronics,1,1008,1200,1200
2026-08-07,Smartphone,Electronics,8,1033,800,6400
2024-09-11,Laptop,Apparel,6,1310,1200,7200
2024-03-21,T-Shirt,Electronics,3,1320,20,60
2025-03-22,Tablet,Apparel,3,1416,500,1500
2024-05-16,Laptop,Electronics,5,1479,1200,6000
2024-07-08,Smartphone,Apparel,1,1770,800,800
2024-05-09,Tablet,Electronics,5,1490,500,2500
2024-07-28,Smartphone,Apparel,8,1155,800,6400
2025-01-03,T-Shirt,Apparel,4,1720,20,80
2024-10-18,Smartphone,Electronics,9,1087,800,7200
2025-01-11,T-Shirt,Electronics,7,1834,20,140
2024-12-13,Laptop,Apparel,7,1967,1200,8400
2024-06-17,Tablet,Apparel,6,1741,500,3000
2026-06-03,Shoes,Electronics,3,1045,50,150
2026-03-15,Tablet,Apparel,7,1660,500,3500
2024-06-25,Shoes,Apparel,7,1704,50,350
2025-06-21,Laptop,Apparel,6,1647,1200,7200
2024-11-19,Smartphone,Electronics,1,1473,800,800
2026-05-21,T-Shirt,Electronics,3,1792,20,60
2025-05-23,T-Shirt,Electronics,2,1193,20,40
2026-03-14,T-Shirt,Electronics,7,1611,20,140
2024-04-24,Laptop,Apparel,2,1318,1200,2400
2026-03-09,Laptop,Apparel,5,1094,1200,6000
2024-01-30,Shoes,Apparel,3,1418,50,150
2026-01-23,Tablet,Electronics,2,1220,500,1000
2024-10-16,Tablet,Electronics,6,1226,500,3000
2024-05-26,Smartphone,Apparel,3,1917,800,2400
2024-09-30,Shoes,Electronics,2,1343,50,100
2024-08-09,Laptop,Apparel,6,1913,1200,7200
2024-12-06,Laptop,Electronics,3,1325,1200,3600
2025-05-24,T-Shirt,Electronics,7,1895,20,140
2025-05-29,Shoes,Electronics,7,1771,50,350
2024-03-10,Shoes,Apparel,3,1345,50,150
2024-12-23,Laptop,Electronics,1,1149,1200,1200
2026-06-27,Shoes,Apparel,5,1699,50,250
2025-07-10,T-Shirt,Apparel,6,1646,20,120
2026-06-04,T-Shirt,Apparel,8,1701,20,160
2026-02-04,Laptop,Electronics,4,1723,1200,4800
2024-11-18,Laptop,Electronics,7,1022,1200,8400
2025-09-15,Shoes,Apparel,6,1535,50,300
2024-04-01,Shoes,Electronics,6,1085,50,300
2024-12-07,Tablet,Electronics,3,1076,500,1500
2025-02-27,Shoes,Electronics,1,1662,50,50
2025-07-05,Shoes,Electronics,6,1060,50,300
2026-08-29,Smartphone,Electronics,2,1906,800,1600
2025-10-24,Laptop,Apparel,4,1718,1200,4800
2025-02-18,Shoes,Apparel,1,1185,50,50
2025-10-19,Smartphone,Apparel,8,1041,800,6400
2025-12-11,Shoes,Electronics,2,1581,50,100
2026-08-25,Laptop,Electronics,4,1679,1200,4800
2024-10-01,Tablet,Electronics,7,1757,500,3500
2026-05-10,T-Shirt,Electronics,6,1883,20,120
2024-02-13,Laptop,Apparel,7,1458,1200,8400
2024-03-24,Laptop,Electronics,7,1445,1200,8400
2025-03-09,Smartphone,Apparel,2,1346,800,1600
2026-03-20,Smartphone,Apparel,6,1410,800,4800
2024-04-03,Smartphone,Apparel,5,1723,800,4000
2024-06-23,Tablet,Apparel,8,1174,500,4000
2025-02-09,Smartphone,Electronics,7,1628,800,5600
2024-07-20,Laptop,Electronics,4,1144,1200,4800
2026-05-07,Smartphone,Electronics,3,1641,800,2400
2025-05-13,Shoes,Apparel,4,1211,50,200
2025-04-25,Shoes,Electronics,7,1334,50,350
2026-09-14,T-Shirt,Apparel,6,1521,20,120
2024-11-25,Shoes,Electronics,8,1831,50,400
2025-06-24,T-Shirt,Electronics,8,1492,20,160
2024-07-28,Shoes,Electronics,7,1319,50,350
2025-09-09,Tablet,Apparel,7,1444,500,3500
2026-08-12,T-Shirt,Apparel,6,1163,20,120
2026-06-15,Shoes,Electronics,9,1355,50,450
2026-09-09,T-Shirt,Electronics,6,1136,20,120
2025-07-29,T-Shirt,Electronics,4,1730,20,80
2024-01-17,Shoes,Electronics,8,1568,50,400
2024-04-16,Laptop,Apparel,3,1371,1200,3600
2024-06-13,Smartphone,Electronics,8,1360,800,6400
2025-08-29,T-Shirt,Electronics,3,1173,20,60
2025-06-20,T-Shirt,Electronics,6,1845,20,120
2025-09-20,T-Shirt,Electronics,1,1189,20,20
2024-07-10,Smartphone,Electronics,3,1729,800,2400
2024-07-14,T-Shirt,Electronics,9,1300,20,180
2024-11-03,T-Shirt,Apparel,2,1948,20,40
2024-05-16,Shoes,Apparel,9,1526,50,450
2026-08-10,Laptop,Electronics,3,1496,1200,3600
2026-05-09,Tablet,Apparel,9,1141,500,4500
2024-04-03,Tablet,Electronics,7,1570,500,3500
2026-06-10,Smartphone,Apparel,9,1902,800,7200
2026-01-20,Tablet,Electronics,4,1363,500,2000
2024-03-28,Laptop,Apparel,7,1252,1200,8400
2024-06-09,Tablet,Apparel,5,1584,500,2500
2024-05-27,Laptop,Apparel,1,1742,1200,1200
2025-08-07,Laptop,Electronics,7,1051,1200,8400
2025-03-31,Shoes,Apparel,7,1782,50,350
2024-03-28,Tablet,Electronics,4,1622,500,2000
2024-01-14,T-Shirt,Electronics,5,1796,20,100
2024-11-10,Smartphone,Apparel,9,1157,800,7200
2025-08-16,T-Shirt,Apparel,7,1223,20,140
2024-04-30,Tablet,Electronics,1,1094,500,500
2026-06-03,Tablet,Apparel,1,1264,500,500
2026-08-09,T-Shirt,Apparel,4,1619,20,80
2026-04-12,Shoes,Electronics,6,1450,50,300
2025-12-16,Tablet,Electronics,8,1056,500,4000
2026-01-02,Shoes,Electronics,1,1335,50,50
2026-07-21,Smartphone,Electronics,9,1440,800,7200
2024-10-08,Tablet,Electronics,1,1952,500,500
2026-03-11,T-Shirt,Electronics,2,1988,20,40
2025-03-02,Shoes,Electronics,5,1866,50,250
2026-02-21,Smartphone,Apparel,1,1805,800,800
2025-04-15,Laptop,Electronics,3,1682,1200,3600
2024-10-11,Smartphone,Apparel,5,1102,800,4000
2024-10-03,Shoes,Electronics,9,1357,50,450
2026-09-05,Tablet,Electronics,3,1216,500,1500
2024-11-20,Tablet,Electronics,3,1261,500,1500
2025-06-18,Laptop,Electronics,8,1910,1200,9600
2024-08-15,Shoes,Apparel,7,1696,50,350
2026-06-09,Tablet,Apparel,4,1226,500,2000
2025-08-18,Tablet,Electronics,3,1395,500,1500
2025-10-09,Shoes,Electronics,7,1912,50,350
2026-08-26,Smartphone,Electronics,6,1671,800,4800
2025-07-27,T-Shirt,Electronics,5,1242,20,100
2025-10-15,Smartphone,Electronics,4,1588,800,3200
2025-06-01,Shoes,Electronics,4,1186,50,200
2024-09-13,Smartphone,Apparel,8,1955,800,6400
2024-05-16,Tablet,Electronics,5,1448,500,2500
2024-07-26,Shoes,Electronics,5,1957,50,250
2025-04-08,Tablet,Electronics,6,1866,500,3000
2026-08-07,Tablet,Electronics,5,1576,500,2500
2024-05-19,Tablet,Apparel,2,1632,500,1000
2024-01-05,Smartphone,Electronics,2,1057,800,1600
2025-02-27,T-Shirt,Apparel,8,1656,20,160
2024-12-14,Laptop,Apparel,1,1895,1200,1200
2026-07-30,T-Shirt,Electronics,1,1644,20,20
2024-10-09,Laptop,Electronics,6,1356,1200,7200
2025-08-09,Shoes,Apparel,8,1515,50,400
2026-03-31,T-Shirt,Apparel,1,1389,20,20
2025-03-09,Laptop,Electronics,6,1734,1200,7200
2024-08-07,Tablet,Electronics,3,1251,500,1500
2026-03-30,Shoes,Apparel,1,1050,50,50
2026-01-09,T-Shirt,Apparel,8,1383,20,160
2026-05-23,Smartphone,Electronics,6,1170,800,4800
2026-02-25,Shoes,Apparel,1,1724,50,50
2025-01-08,Tablet,Apparel,4,1432,500,2000
2024-10-17,Tablet,Electronics,6,1813,500,3000
2025-07-17,Tablet,Electronics,4,1271,500,2000
2025-11-01,Laptop,Electronics,3,1229,1200,3600
2025-03-13,T-Shirt,Electronics,3,1233,20,60
2026-04-06,Shoes,Apparel,1,1117,50,50
2026-07-28,T-Shirt,Electronics,9,1732,20,180
2026-04-03,T-Shirt,Electronics,4,1603,20,80
2025-05-23,Laptop,Electronics,7,1183,1200,8400
2026-02-25,Laptop,Electronics,5,1187,1200,6000
2026-07-30,Tablet,Apparel,4,1507,500,2000
2026-05-05,T-Shirt,Apparel,5,1493,20,100
2025-03-25,Laptop,Electronics,2,1183,1200,2400
2024-11-22,Tablet,Apparel,1,1893,500,500
2025-05-05,Shoes,Apparel,2,1673,50,100
2024-02-23,Laptop,Electronics,2,1267,1200,2400
2026-03-27,Laptop,Apparel,8,1639,1200,9600
2024-04-04,Shoes,Electronics,3,1987,50,150
2024-02-29,Shoes,Apparel,8,1802,50,400
2024-12-02,Laptop,Apparel,1,1472,1200,1200
2025-10-28,Shoes,Electronics,2,1269,50,100
2025-09-28,Shoes,Electronics,9,1391,50,450
2024-06-12,Tablet,Electronics,1,1408,500,500
2025-07-24,Laptop,Electronics,4,1705,1200,4800
2026-08-03,Shoes,Apparel,6,1099,50,300
2024-04-16,Tablet,Electronics,2,1594,500,1000
2024-07-20,Laptop,Apparel,3,1366,1200,3600
2024-10-27,Laptop,Electronics,2,1296,1200,2400
2026-02-20,Laptop,Electronics,5,1695,1200,6000
2026-06-08,Shoes,Apparel,8,1577,50,400
2026-04-18,Shoes,Apparel,9,1234,50,450
2025-07-04,T-Shirt,Apparel,5,1283,20,100
2025-11-10,Tablet,Electronics,5,1911,500,2500
2025-10-10,T-Shirt,Apparel,7,1143,20,140
2024-01-14,Tablet,Apparel,6,1297,500,3000
2026-06-22,Smartphone,Apparel,2,1973,800,1600
2025-12-21,T-Shirt,Apparel,1,1518,20,20
2025-06-18,Laptop,Apparel,2,1638,1200,2400
2025-05-19,Smartphone,Electronics,1,1250,800,800
2026-04-27,Smartphone,Electronics,4,1224,800,3200
2026-09-12,Smartphone,Apparel,6,1476,800,4800
2026-02-15,Tablet,Electronics,6,1824,500,3000
2026-01-09,Shoes,Electronics,7,1180,50,350
2026-02-13,Shoes,Electronics,3,1646,50,150
2024-07-28,Smartphone,Apparel,6,1334,800,4800
2025-03-31,Shoes,Electronics,8,1415,50,400
2025-04-13,Laptop,Apparel,6,1390,1200,7200
2025-04-18,Shoes,Apparel,9,1545,50,450
2026-08-20,Tablet,Apparel,2,1383,500,1000
2025-07-26,Smartphone,Electronics,6,1186,800,4800
2025-02-04,T-Shirt,Electronics,9,1762,20,180
2024-02-26,Laptop,Apparel,2,1894,1200,2400
2026-06-01,T-Shirt,Apparel,5,1046,20,100
2026-01-19,Smartphone,Electronics,1,1639,800,800
2025-10-25,Smartphone,Apparel,3,1538,800,2400
2024-10-07,T-Shirt,Electronics,1,1051,20,20
2024-01-05,Smartphone,Apparel,8,1160,800,6400
2025-09-04,Smartphone,Electronics,4,1700,800,3200
2024-11-01,Smartphone,Electronics,9,1763,800,7200
2024-12-09,Shoes,Electronics,8,1814,50,400
2025-06-26,Shoes,Apparel,8,1095,50,400
2025-07-20,Tablet,Electronics,9,1647,500,4500
2024-06-02,T-Shirt,Electronics,2,1689,20,40
2026-02-27,Laptop,Apparel,9,1807,1200,10800
2024-12-19,T-Shirt,Apparel,1,1193,20,20
2024-12-23,T-Shirt,Apparel,8,1261,20,160
2025-11-28,Tablet,Apparel,8,1613,500,4000
2025-02-11,Shoes,Electronics,7,1667,50,350
2025-02-15,Laptop,Electronics,6,1934,1200,7200
2024-01-30,Laptop,Electronics,9,1557,1200,10800
2026-07-18,Tablet,Apparel,6,1663,500,3000
2025-01-06,Smartphone,Electronics,5,1268,800,4000
2026-04-01,T-Shirt,Electronics,1,1649,20,20
2025-09-23,T-Shirt,Apparel,2,1157,20,40
2026-08-05,Laptop,Electronics,9,1157,1200,10800
2026-05-04,T-Shirt,Electronics,1,1013,20,20
2025-05-17,Laptop,Apparel,4,1599,1200,4800
2024-01-08,Shoes,Apparel,8,1792,50,400
2025-09-09,Shoes,Electronics,4,1649,50,200
2024-05-17,Laptop,Electronics,8,1068,1200,9600
2025-11-25,Tablet,Apparel,6,1421,500,3000
2026-06-15,T-Shirt,Electronics,4,1440,20,80
2026-05-01,Laptop,Electronics,9,1715,1200,10800
2025-01-11,Tablet,Apparel,4,1342,500,2000
2026-07-21,Shoes,Electronics,2,1188,50,100
2025-12-22,T-Shirt,Apparel,4,1664,20,80
2024-05-28,T-Shirt,Apparel,4,1613,20,80
2026-06-04,Shoes,Electronics,1,1104,50,50
2024-09-16,Smartphone,Apparel,8,1488,800,6400
2024-05-06,Laptop,Apparel,3,1180,1200,3600
2026-03-21,Tablet,Apparel,1,1565,500,500
2025-07-31,Tablet,Apparel,7,1866,500,3500
2025-06-16,Smartphone,Apparel,7,1942,800,5600
2026-03-15,Tablet,Electronics,8,1673,500,4000
2024-11-20,Tablet,Electronics,8,1653,500,4000
2026-09-03,T-Shirt,Apparel,2,1481,20,40
2024-04-22,Laptop,Apparel,3,1455,1200,3600
2026-08-01,T-Shirt,Electronics,9,1524,20,180
2025-10-12,Shoes,Electronics,6,1201,50,300
2024-08-25,T-Shirt,Electronics,2,1430,20,40
2024-12-26,Smartphone,Electronics,8,1285,800,6400
2026-09-17,Laptop,Electronics,4,1268,1200,4800
2026-05-09,Smartphone,Electronics,2,1695,800,1600
2025-07-09,Laptop,Electronics,7,1048,1200,8400
2024-03-04,Laptop,Apparel,9,1246,1200,10800
2026-07-16,Laptop,Electronics,3,1803,1200,3600
2026-07-05,Tablet,Electronics,8,1034,500,4000
2025-03-30,T-Shirt,Apparel,9,1058,20,180
2024-09-22,Tablet,Electronics,7,1700,500,3500
2025-03-20,Tablet,Electronics,9,1641,500,4500
2025-08-26,T-Shirt,Electronics,6,1657,20,120
2025-09-15,Smartphone,Electronics,1,1171,800,800
2025-02-23,Laptop,Electronics,1,1752,1200,1200
2024-12-05,Smartphone,Apparel,5,1439,800,4000
2026-04-24,Smartphone,Electronics,7,1009,800,5600
2024-10-01,Shoes,Apparel,1,1439,50,50
2025-01-04,Tablet,Electronics,5,1761,500,2500
2026-04-22,Laptop,Apparel,3,1656,1200,3600
2024-08-14,T-Shirt,Electronics,3,1835,20,60
2024-08-13,Smartphone,Electronics,5,1681,800,4000
2026-07-28,Shoes,Apparel,8,1470,50,400
2025-10-05,Shoes,Electronics,2,1815,50,100
2026-06-27,Smartphone,Apparel,7,1724,800,5600
2024-08-16,Smartphone,Electronics,5,1088,800,4000
2026-04-06,Shoes,Apparel,7,1225,50,350
2026-06-16,Tablet,Apparel,9,1507,500,4500
2025-01-04,Shoes,Apparel,7,1826,50,350
2024-05-08,Shoes,Electronics,3,1980,50,150
2026-03-18,Shoes,Electronics,8,1213,50,400
2024-01-25,Tablet,Electronics,5,1804,500,2500
2025-11-29,Tablet,Electronics,1,1748,500,500
2024-10-19,Tablet,Apparel,2,1268,500,1000
2024-12-21,T-Shirt,Electronics,7,1026,20,140
2026-04-17,T-Shirt,Electronics,5,1002,20,100
2024-05-14,T-Shirt,Electronics,1,1762,20,20
2024-01-04,T-Shirt,Electronics,1,1790,20,20
2024-08-14,Laptop,Apparel,3,1558,1200,3600
2026-06-08,Laptop,Electronics,8,1851,1200,9600
2025-11-11,Laptop,Electronics,7,1249,1200,8400
2025-03-20,Smartphone,Electronics,7,1018,800,5600
2025-02-21,Laptop,Electronics,8,1034,1200,9600
2024-10-11,Smartphone,Electronics,8,1095,800,6400
2026-04-16,Shoes,Apparel,1,1195,50,50
2024-01-27,Laptop,Apparel,5,1000,1200,6000
2026-01-06,Tablet,Electronics,2,1667,500,1000
2024-09-05,T-Shirt,Apparel,5,1048,20,100
2024-12-31,Smartphone,Apparel,6,1494,800,4800
2026-08-05,Shoes,Apparel,1,1726,50,50
2024-07-20,Laptop,Apparel,7,1500,1200,8400
2025-03-13,T-Shirt,Electronics,5,1899,20,100
2024-07-16,Tablet,Electronics,5,1764,500,2500
2026-07-18,Shoes,Electronics,2,1992,50,100
2025-10-09,Tablet,Electronics,8,1011,500,4000
2025-09-29,Laptop,Electronics,1,1624,1200,1200
2025-08-29,Smartphone,Apparel,2,1728,800,1600
2024-03-13,Shoes,Electronics,3,1156,50,150
2024-09-03,Laptop,Apparel,9,1296,1200,10800
2026-05-02,Laptop,Electronics,8,1201,1200,9600
2024-05-15,Smartphone,Apparel,9,1770,800,7200
2025-12-08,Smartphone,Electronics,1,1462,800,800
2024-08-01,Laptop,Electronics,1,1571,1200,1200
2025-04-20,Smartphone,Apparel,1,1778,800,800
2025-09-12,Shoes,Apparel,3,1388,50,150
2024-11-19,Smartphone,Electronics,7,1713,800,5600
2024-04-12,Shoes,Apparel,9,1365,50,450
2026-05-02,Laptop,Electronics,4,1127,1200,4800
2024-11-23,T-Shirt,Electronics,8,1090,20,160
2025-08-18,Laptop,Apparel,4,1619,1200,4800
2024-08-11,Laptop,Electronics,4,1253,1200,4800
2024-09-13,Laptop,Electronics,6,1264,1200,7200
2025-10-07,Shoes,Electronics,6,1293,50,300
2024-12-13,T-Shirt,Electronics,5,1226,20,100
2024-04-17,Smartphone,Electronics,9,1758,800,7200
2026-07-15,Tablet,Electronics,3,1102,500,1500
2026-08-27,Shoes,Electronics,9,1859,50,450
2026-09-06,Laptop,Electronics,6,1752,1200,7200
2025-06-03,Laptop,Apparel,8,1442,1200,9600
2024-05-29,Tablet,Apparel,6,1954,500,3000
2026-09-24,Smartphone,Apparel,5,1945,800,4000
2025-04-21,T-Shirt,Electronics,5,1245,20,100
2025-01-27,Laptop,Electronics,8,1275,1200,9600
2025-11-14,Tablet,Apparel,9,1803,500,4500
2025-07-12,Laptop,Electronics,9,1420,1200,10800
2024-01-01,Tablet,Electronics,6,1636,500,3000
2024-12-26,Smartphone,Apparel,7,1330,800,5600
2025-11-22,Tablet,Apparel,7,1305,500,3500
2025-07-04,Laptop,Apparel,4,1658,1200,4800
2024-03-30,Shoes,Electronics,7,1260,50,350
2024-03-15,Smartphone,Apparel,1,1472,800,800
2025-05-14,Tablet,Apparel,6,1975,500,3000
2026-01-08,Shoes,Electronics,7,1817,50,350
2025-09-27,T-Shirt,Apparel,6,1990,20,120
2024-12-09,T-Shirt,Apparel,5,1269,20,100
2024-04-06,Tablet,Electronics,4,1435,500,2000
2026-05-01,Smartphone,Electronics,1,1400,800,800
2024-10-09,Laptop,Apparel,6,1439,1200,7200
2025-12-19,T-Shirt,Electronics,2,1104,20,40
2024-02-02,Shoes,Apparel,6,1715,50,300
2024-04-25,Shoes,Electronics,2,1061,50,100
2025-03-30,Shoes,Electronics,2,1354,50,100
2026-05-15,T-Shirt,Electronics,9,1273,20,180
2025-03-04,Tablet,Apparel,8,1710,500,4000
2026-04-07,T-Shirt,Electronics,4,1536,20,80
2026-04-05,Smartphone,Electronics,6,1605,800,4800
2025-11-21,Smartphone,Electronics,3,1221,800,2400
2024-06-22,Tablet,Electronics,7,1578,500,3500
2026-01-15,Shoes,Electronics,4,1203,50,200
2024-05-12,T-Shirt,Electronics,9,1046,20,180
2025-03-17,Tablet,Electronics,5,1168,500,2500
2024-04-03,Laptop,Electronics,9,1721,1200,10800
2024-12-13,Smartphone,Electronics,1,1167,800,800
2025-02-05,Laptop,Apparel,9,1511,1200,10800
2025-02-23,Laptop,Electronics,5,1777,1200,6000
2025-12-07,T-Shirt,Apparel,1,1363,20,20
2025-02-08,Tablet,Electronics,6,1282,500,3000
2026-07-30,Laptop,Electronics,6,1788,1200,7200
2024-07-04,Laptop,Electronics,3,1953,1200,3600
2026-09-02,Shoes,Apparel,5,1964,50,250
2025-01-10,Shoes,Apparel,9,1618,50,450
2025-11-07,Laptop,Electronics,9,1322,1200,10800
2026-05-23,T-Shirt,Apparel,5,1052,20,100
2025-12-03,Laptop,Electronics,2,1807,1200,2400
2025-05-31,Smartphone,Electronics,9,1851,800,7200
2025-05-12,Tablet,Electronics,9,1447,500,4500
2025-05-13,T-Shirt,Electronics,9,1372,20,180
2024-07-24,Shoes,Apparel,4,1647,50,200
2025-02-18,Tablet,Electronics,4,1543,500,2000
2024-12-31,Smartphone,Electronics,3,1096,800,2400
2026-05-05,T-Shirt,Electronics,6,1196,20,120
2026-01-08,T-Shirt,Electronics,8,1155,20,160
2025-02-23,T-Shirt,Apparel,6,1152,20,120
2025-08-08,Shoes,Apparel,9,1823,50,450
2024-08-06,Tablet,Apparel,8,1648,500,4000
2026-08-09,Smartphone,Electronics,1,1556,800,800
2025-06-22,Laptop,Electronics,3,1821,1200,3600
2025-01-09,Laptop,Apparel,8,1730,1200,9600
2024-01-23,Laptop,Electronics,4,1550,1200,4800
2025-04-05,Tablet,Electronics,6,1155,500,3000
2025-12-20,T-Shirt,Electronics,2,1226,20,40
2024-12-20,Smartphone,Electronics,6,1043,800,4800
2025-08-25,Shoes,Electronics,2,1972,50,100
2024-02-21,T-Shirt,Electronics,2,1751,20,40
2026-09-25,Shoes,Apparel,3,1520,50,150
2026-03-25,T-Shirt,Apparel,5,1680,20,100
2025-12-21,Laptop,Apparel,4,1632,1200,4800
2025-07-27,T-Shirt,Electronics,2,1493,20,40
2025-03-20,Laptop,Apparel,2,1288,1200,2400
2026-03-26,Laptop,Electronics,3,1448,1200,3600
2024-04-14,Smartphone,Apparel,9,1721,800,7200
2025-10-02,Smartphone,Electronics,2,1716,800,1600
2025-01-29,Shoes,Electronics,8,1528,50,400
2026-08-29,Shoes,Electronics,9,1117,50,450
2026-06-28,Tablet,Apparel,3,1760,500,1500
2024-11-23,Tablet,Apparel,7,1331,500,3500
2025-08-29,Shoes,Electronics,6,1591,50,300
2025-06-02,Smartphone,Apparel,2,1220,800,1600
2025-11-16,Laptop,Apparel,7,1563,1200,8400
2024-09-02,Tablet,Apparel,3,1448,500,1500
2025-02-18,Smartphone,Apparel,6,1878,800,4800
2025-06-11,Laptop,Electronics,7,1732,1200,8400
2024-06-18,Tablet,Electronics,2,1932,500,1000
2024-06-15,Smartphone,Apparel,6,1060,800,4800
2024-11-05,Shoes,Electronics,9,1530,50,450
2026-07-28,Smartphone,Apparel,5,1721,800,4000
2025-08-17,Tablet,Apparel,7,1153,500,3500
2025-01-26,Laptop,Electronics,6,1552,1200,7200
2024-08-08,Tablet,Electronics,7,1921,500,3500
2026-04-13,T-Shirt,Electronics,1,1772,20,20
2025-11-12,Shoes,Electronics,3,1906,50,150
2026-04-14,T-Shirt,Apparel,6,1097,20,120
2024-04-24,Tablet,Electronics,7,1086,500,3500
2026-05-10,Tablet,Electronics,3,1225,500,1500
2024-11-30,Smartphone,Electronics,2,1366,800,1600
2026-01-11,Smartphone,Apparel,5,1210,800,4000
2024-08-07,T-Shirt,Apparel,9,1675,20,180
2024-09-03,Smartphone,Electronics,9,1752,800,7200
2024-04-10,Smartphone,Electronics,4,1596,800,3200
2025-02-19,T-Shirt,Apparel,8,1901,20,160
2024-08-09,Smartphone,Electronics,3,1314,800,2400
2024-06-27,T-Shirt,Electronics,2,1611,20,40
2025-05-23,Laptop,Electronics,2,1431,1200,2400
2024-06-23,T-Shirt,Electronics,2,1461,20,40
2025-08-28,Smartphone,Electronics,7,1488,800,5600
2025-09-18,Shoes,Electronics,4,1103,50,200
2025-11-04,Shoes,Electronics,7,1414,50,350
2026-02-19,T-Shirt,Electronics,6,1395,20,120
2026-01-06,Shoes,Electronics,5,1008,50,250
2026-01-15,Shoes,Electronics,3,1121,50,150
2026-04-28,Smartphone,Apparel,8,1026,800,6400
2024-03-07,Laptop,Electronics,9,1104,1200,10800
2025-04-01,Laptop,Apparel,9,1095,1200,10800
2024-05-05,Smartphone,Electronics,1,1986,800,800
2024-05-18,Laptop,Apparel,8,1562,1200,9600
2025-09-16,T-Shirt,Electronics,9,1229,20,180
2025-12-31,Laptop,Electronics,9,1019,1200,10800
2024-06-04,Shoes,Electronics,8,1439,50,400
2025-11-27,Smartphone,Electronics,5,1252,800,4000
2024-04-30,Tablet,Electronics,7,1799,500,3500
2024-11-17,Shoes,Electronics,7,1966,50,350
2025-03-24,Shoes,Apparel,9,1947,50,450
2025-12-10,T-Shirt,Electronics,4,1293,20,80
2026-05-06,Tablet,Apparel,8,1651,500,4000
2024-10-17,T-Shirt,Apparel,9,1335,20,180
2026-09-02,Smartphone,Electronics,5,1940,800,4000
2024-01-04,Tablet,Apparel,3,1309,500,1500
2025-12-01,Smartphone,Electronics,4,1132,800,3200
2024-08-26,Laptop,Apparel,1,1483,1200,1200
2025-11-08,Shoes,Apparel,5,1242,50,250
2024-06-20,Laptop,Electronics,9,1913,1200,10800
2025-12-24,Smartphone,Electronics,1,1492,800,800
2026-05-06,T-Shirt,Electronics,5,1537,20,100
2025-08-05,Shoes,Electronics,3,1950,50,150
2025-10-22,Shoes,Apparel,7,1378,50,350
2026-06-21,Tablet,Apparel,3,1588,500,1500
2026-03-07,Laptop,Electronics,3,1768,1200,3600
2025-09-19,Smartphone,Electronics,3,1864,800,2400
2026-06-21,Smartphone,Apparel,8,1966,800,6400
2026-04-14,Smartphone,Apparel,7,1739,800,5600
2025-08-27,Smartphone,Electronics,7,1425,800,5600
2026-09-15,T-Shirt,Apparel,1,1360,20,20
2025-09-06,Smartphone,Apparel,3,1083,800,2400
2026-05-19,T-Shirt,Electronics,2,1635,20,40
2025-01-14,T-Shirt,Apparel,5,1099,20,100
2025-12-10,Tablet,Electronics,7,1349,500,3500
2024-04-19,Tablet,Apparel,4,1490,500,2000
2024-11-25,Laptop,Electronics,9,1727,1200,10800
2024-04-10,Smartphone,Apparel,8,1793,800,6400
2025-11-25,T-Shirt,Apparel,6,1212,20,120
2026-04-25,Tablet,Apparel,1,1891,500,500
2026-07-06,Smartphone,Apparel,3,1428,800,2400
2025-05-22,Tablet,Electronics,2,1328,500,1000
2025-11-02,Tablet,Electronics,1,1038,500,500
2025-08-16,Laptop,Apparel,6,1470,1200,7200
2024-02-05,T-Shirt,Apparel,8,1231,20,160
2024-08-25,T-Shirt,Apparel,4,1306,20,80
2024-08-31,Tablet,Apparel,5,1655,500,2500
2024-09-07,Smartphone,Apparel,5,1511,800,4000
2025-01-27,T-Shirt,Electronics,8,1900,20,160
2026-02-05,Laptop,Electronics,2,1715,1200,2400
2024-10-08,T-Shirt,Electronics,8,1282,20,160
2024-01-22,Laptop,Electronics,8,1075,1200,9600
2025-03-05,Smartphone,Electronics,9,1794,800,7200
2024-08-17,Tablet,Apparel,6,1972,500,3000
2026-09-09,Smartphone,Apparel,7,1796,800,5600
2025-02-04,Smartphone,Electronics,2,1896,800,1600
2024-06-02,Laptop,Electronics,1,1325,1200,1200
2024-04-29,Smartphone,Electronics,1,1057,800,800
2025-11-08,Tablet,Electronics,1,1486,500,500
2026-06-14,T-Shirt,Electronics,3,1525,20,60
2025-01-20,Laptop,Apparel,4,1790,1200,4800
2025-01-24,Laptop,Electronics,2,1763,1200,2400
2025-12-11,Smartphone,Electronics,7,1251,800,5600
2025-01-31,Smartphone,Electronics,5,1984,800,4000
2024-12-12,Smartphone,Apparel,1,1317,800,800
2025-08-09,Shoes,Electronics,9,1602,50,450
2026-08-08,Tablet,Apparel,9,1574,500,4500
2024-03-19,Smartphone,Electronics,7,1645,800,5600
2026-04-10,Shoes,Electronics,5,1850,50,250
2025-08-07,Laptop,Electronics,6,1812,1200,7200
2024-07-18,Tablet,Apparel,6,1366,500,3000
2026-03-24,Shoes,Apparel,8,1220,50,400
2024-05-13,Laptop,Electronics,8,1579,1200,9600
2025-07-13,T-Shirt,Apparel,4,1023,20,80
2025-11-30,T-Shirt,Apparel,6,1905,20,120
2024-06-19,Tablet,Electronics,6,1435,500,3000
2025-03-27,Shoes,Electronics,5,1517,50,250
2024-05-18,Shoes,Apparel,1,1218,50,50
2026-01-24,Laptop,Apparel,6,1545,1200,7200
2024-11-09,T-Shirt,Apparel,7,1129,20,140
2025-04-20,T-Shirt,Apparel,8,1063,20,160
2024-12-11,Smartphone,Apparel,1,1480,800,800
2025-01-22,Shoes,Electronics,9,1084,50,450
2024-05-05,Tablet,Apparel,1,1505,500,500
2025-12-19,T-Shirt,Apparel,8,1701,20,160
2026-04-30,Tablet,Electronics,9,1495,500,4500
2024-07-16,Tablet,Electronics,9,1347,500,4500
2025-11-29,Smartphone,Apparel,5,1746,800,4000
2026-06-19,T-Shirt,Apparel,1,1204,20,20
2024-01-18,Tablet,Electronics,4,1287,500,2000
2025-12-10,T-Shirt,Apparel,7,1237,20,140
2025-03-23,Smartphone,Electronics,9,1475,800,7200
2024-12-16,Laptop,Apparel,4,1954,1200,4800
2025-10-26,Laptop,Electronics,5,1387,1200,6000
2025-10-05,Laptop,Electronics,5,1243,1200,6000
2024-11-21,Tablet,Electronics,5,1596,500,2500
2025-02-28,Tablet,Electronics,2,1394,500,1000
2024-06-13,Tablet,Electronics,4,1179,500,2000
2025-07-24,T-Shirt,Apparel,9,1073,20,180
2024-06-26,Shoes,Electronics,9,1965,50,450
2025-03-15,T-Shirt,Electronics,4,1141,20,80
2025-10-26,Laptop,Apparel,3,1316,1200,3600
2025-11-04,Shoes,Apparel,2,1616,50,100
2026-07-03,Smartphone,Electronics,5,1849,800,4000
2026-05-15,Shoes,Electronics,8,1442,50,400
2025-04-07,Smartphone,Electronics,7,1301,800,5600
2026-01-23,Tablet,Apparel,9,1153,500,4500
2024-05-15,Laptop,Apparel,1,1899,1200,1200
2026-08-07,Tablet,Apparel,2,1448,500,1000
2026-01-17,T-Shirt,Apparel,2,1758,20,40
2024-02-16,Tablet,Electronics,4,1718,500,2000
2025-05-11,Tablet,Apparel,8,1244,500,4000
2025-10-01,Shoes,Electronics,9,1782,50,450
2026-07-18,Smartphone,Electronics,5,1215,800,4000
2024-12-03,Laptop,Electronics,7,1966,1200,8400
2024-06-06,Tablet,Electronics,3,1271,500,1500
2025-06-08,Tablet,Apparel,7,1517,500,3500
2025-09-22,Smartphone,Electronics,1,1822,800,800
2026-03-25,T-Shirt,Electronics,1,1512,20,20
2026-06-05,T-Shirt,Electronics,3,1743,20,60
2024-10-15,Shoes,Electronics,1,1711,50,50
2026-03-13,Smartphone,Apparel,6,1957,800,4800
2024-04-25,Tablet,Electronics,1,1337,500,500
2025-08-22,T-Shirt,Apparel,5,1800,20,100
2025-09-28,T-Shirt,Apparel,8,1058,20,160
2025-02-13,Laptop,Apparel,8,1541,1200,9600
2024-06-23,Laptop,Apparel,2,1927,1200,2400
2025-05-13,Shoes,Electronics,9,1463,50,450
2026-05-25,T-Shirt,Electronics,7,1715,20,140
2025-07-18,T-Shirt,Apparel,6,1415,20,120
2025-09-14,Smartphone,Electronics,2,1274,800,1600
2025-07-30,Laptop,Electronics,6,1107,1200,7200
2024-11-28,Laptop,Apparel,5,1102,1200,6000
2026-06-05,T-Shirt,Electronics,3,1470,20,60
2025-08-08,Shoes,Electronics,7,1327,50,350
2024-05-26,T-Shirt,Apparel,2,1756,20,40
2026-02-11,Tablet,Electronics,2,1483,500,1000
2026-02-14,Laptop,Electronics,8,1702,1200,9600
2025-10-05,Laptop,Electronics,6,1531,1200,7200
2024-02-18,Smartphone,Electronics,5,1325,800,4000
2024-03-17,Shoes,Electronics,2,1689,50,100
2024-10-20,Smartphone,Apparel,6,1192,800,4800
2024-04-26,Laptop,Apparel,8,1491,1200,9600
2025-05-08,Shoes,Apparel,9,1385,50,450
2025-07-14,T-Shirt,Electronics,3,1818,20,60
2024-04-19,T-Shirt,Apparel,5,1693,20,100
2026-09-05,Shoes,Electronics,8,1572,50,400
2024-06-28,Tablet,Electronics,3,1570,500,1500
2025-07-15,T-Shirt,Electronics,9,1974,20,180
2024-03-12,Smartphone,Electronics,3,1884,800,2400
2026-05-08,T-Shirt,Electronics,2,1697,20,40
2025-03-09,T-Shirt,Apparel,9,1658,20,180
2024-10-12,Tablet,Electronics,8,1169,500,4000
2025-05-30,T-Shirt,Electronics,2,1774,20,40
2024-03-15,Smartphone,Apparel,4,1228,800,3200
2025-08-19,Smartphone,Electronics,6,1171,800,4800
2025-05-05,Smartphone,Apparel,9,1753,800,7200
2024-11-17,Laptop,Electronics,2,1928,1200,2400
2026-06-06,T-Shirt,Apparel,4,1843,20,80
2025-06-16,T-Shirt,Electronics,2,1215,20,40
2024-07-27,Shoes,Electronics,3,1635,50,150
2024-02-12,Tablet,Apparel,8,1792,500,4000
2025-05-13,Laptop,Apparel,6,1050,1200,7200
2024-01-29,T-Shirt,Electronics,9,1392,20,180
2025-02-14,Smartphone,Apparel,6,1117,800,4800
2026-05-05,Laptop,Apparel,4,1595,1200,4800
2024-06-29,Laptop,Electronics,3,1258,1200,3600
2024-10-31,Smartphone,Apparel,6,1498,800,4800
2026-08-20,Shoes,Electronics,5,1028,50,250
2025-09-06,T-Shirt,Electronics,9,1038,20,180
2026-02-16,Tablet,Apparel,2,1248,500,1000
2024-09-15,Shoes,Apparel,1,1430,50,50
2025-01-07,Tablet,Apparel,9,1811,500,4500
2026-05-26,Tablet,Electronics,9,1865,500,4500
2026-01-15,T-Shirt,Electronics,5,1884,20,100
2026-05-07,Laptop,Electronics,1,1013,1200,1200
2025-01-15,Smartphone,Apparel,5,1301,800,4000
2026-06-04,Tablet,Apparel,3,1545,500,1500
2025-09-04,Shoes,Electronics,8,1778,50,400
2024-03-31,T-Shirt,Apparel,5,1883,20,100
2024-03-09,T-Shirt,Apparel,5,1855,20,100
2025-09-09,Shoes,Electronics,6,1893,50,300
2025-06-06,Tablet,Apparel,7,1845,500,3500
2024-01-13,Tablet,Apparel,4,1371,500,2000
2025-09-08,Tablet,Electronics,8,1494,500,4000
2024-08-13,Shoes,Apparel,1,1798,50,50
2025-02-25,Tablet,Apparel,5,1064,500,2500
2024-06-16,Shoes,Electronics,5,1363,50,250
2026-07-17,T-Shirt,Apparel,6,1199,20,120
2025-01-13,Shoes,Electronics,9,1323,50,450
2024-10-16,Smartphone,Electronics,6,1638,800,4800
2026-07-11,Laptop,Electronics,7,1366,1200,8400
2024-04-09,Laptop,Electronics,2,1128,1200,2400
2024-08-05,Smartphone,Electronics,5,1863,800,4000
2024-11-02,Shoes,Electronics,6,1392,50,300
2024-12-10,Laptop,Apparel,4,1323,1200,4800
2024-07-29,Smartphone,Electronics,7,1523,800,5600
2026-02-27,Tablet,Apparel,9,1407,500,4500
2026-01-04,Smartphone,Electronics,8,1532,800,6400
2025-10-30,Laptop,Apparel,5,1769,1200,6000
2025-08-07,Shoes,Electronics,8,1710,50,400
2024-10-01,Shoes,Apparel,9,1238,50,450
2025-02-13,Shoes,Apparel,2,1324,50,100
2026-07-09,Laptop,Electronics,5,1170,1200,6000
2025-07-05,Tablet,Electronics,6,1355,500,3000
2024-08-22,Shoes,Apparel,6,1124,50,300
2025-09-27,T-Shirt,Electronics,4,1239,20,80
2024-10-11,Tablet,Electronics,9,1278,500,4500
2025-10-26,Smartphone,Electronics,4,1158,800,3200
2025-10-20,T-Shirt,Electronics,6,1038,20,120
2025-12-08,Tablet,Apparel,4,1331,500,2000
2024-06-21,Laptop,Electronics,5,1820,1200,6000
2025-12-24,T-Shirt,Electronics,7,1866,20,140
2024-10-28,Tablet,Electronics,2,1503,500,1000
2026-04-02,Tablet,Electronics,8,1707,500,4000
2024-01-01,Tablet,Apparel,7,1369,500,3500
2024-05-18,Tablet,Apparel,6,1490,500,3000
2025-12-08,Shoes,Electronics,3,1192,50,150
2026-06-21,T-Shirt,Electronics,4,1006,20,80
2026-01-01,Tablet,Apparel,6,1545,500,3000
2026-05-17,Smartphone,Electronics,9,1285,800,7200
2025-03-17,Tablet,Electronics,4,1341,500,2000
2026-08-24,Shoes,Apparel,2,1014,50,100
2026-07-04,T-Shirt,Electronics,7,1820,20,140
2024-06-11,T-Shirt,Apparel,8,1598,20,160
2024-02-20,Tablet,Electronics,9,1091,500,4500
2024-08-30,Tablet,Apparel,2,1195,500,1000
2026-05-20,Smartphone,Apparel,8,1881,800,6400
